"TCGA","feature_set_names","feature_set_paths","input_score_names","input_score_paths","gene_expression_names","gene_expression_paths"
"ACC","TCGA_ACC_2016_01_28_GISTIC_MUT_SIG","/srv/shiny-server/inst/extdata/feature_set/TCGA_ACC_2016_01_28_GISTIC_MUT_SIG.rds",NA,NA,"TCGA_ACC_2016_01_28_Gene_Expression","/srv/shiny-server/inst/extdata/gene_expression/TCGA_ACC_2016_01_28_Gene_Expression.rds"
"BLCA","TCGA_BLCA_2016_01_28_GISTIC_MUT_SIG","/srv/shiny-server/inst/extdata/feature_set/TCGA_BLCA_2016_01_28_GISTIC_MUT_SIG.rds",NA,NA,"TCGA_BLCA_2016_01_28_Gene_Expression","/srv/shiny-server/inst/extdata/gene_expression/TCGA_BLCA_2016_01_28_Gene_Expression.rds"
"BRCA","TCGA_BRCA_2016_01_28_GISTIC_MUT_SIG","/srv/shiny-server/inst/extdata/feature_set/TCGA_BRCA_2016_01_28_GISTIC_MUT_SIG.rds",NA,NA,"TCGA_BRCA_2016_01_28_Gene_Expression","/srv/shiny-server/inst/extdata/gene_expression/TCGA_BRCA_2016_01_28_Gene_Expression.rds"
"CESC","TCGA_CESC_2016_01_28_GISTIC_MUT_SIG","/srv/shiny-server/inst/extdata/feature_set/TCGA_CESC_2016_01_28_GISTIC_MUT_SIG.rds",NA,NA,"TCGA_CESC_2016_01_28_Gene_Expression","/srv/shiny-server/inst/extdata/gene_expression/TCGA_CESC_2016_01_28_Gene_Expression.rds"
"CHOL","TCGA_CHOL_2016_01_28_GISTIC_MUT_SIG","/srv/shiny-server/inst/extdata/feature_set/TCGA_CHOL_2016_01_28_GISTIC_MUT_SIG.rds",NA,NA,"TCGA_CHOL_2016_01_28_Gene_Expression","/srv/shiny-server/inst/extdata/gene_expression/TCGA_CHOL_2016_01_28_Gene_Expression.rds"
"COAD","TCGA_COAD_2016_01_28_GISTIC_MUT_SIG","/srv/shiny-server/inst/extdata/feature_set/TCGA_COAD_2016_01_28_GISTIC_MUT_SIG.rds",NA,NA,"TCGA_COAD_2016_01_28_Gene_Expression","/srv/shiny-server/inst/extdata/gene_expression/TCGA_COAD_2016_01_28_Gene_Expression.rds"
"COADREAD","TCGA_COADREAD_2016_01_28_GISTIC_MUT_SIG","/srv/shiny-server/inst/extdata/feature_set/TCGA_COADREAD_2016_01_28_GISTIC_MUT_SIG.rds",NA,NA,"TCGA_COADREAD_2016_01_28_Gene_Expression","/srv/shiny-server/inst/extdata/gene_expression/TCGA_COADREAD_2016_01_28_Gene_Expression.rds"
"DLBC","TCGA_DLBC_2016_01_28_GISTIC_MUT_SIG","/srv/shiny-server/inst/extdata/feature_set/TCGA_DLBC_2016_01_28_GISTIC_MUT_SIG.rds",NA,NA,"TCGA_DLBC_2016_01_28_Gene_Expression","/srv/shiny-server/inst/extdata/gene_expression/TCGA_DLBC_2016_01_28_Gene_Expression.rds"
"ESCA","TCGA_ESCA_2016_01_28_GISTIC_MUT_SIG","/srv/shiny-server/inst/extdata/feature_set/TCGA_ESCA_2016_01_28_GISTIC_MUT_SIG.rds",NA,NA,"TCGA_ESCA_2016_01_28_Gene_Expression","/srv/shiny-server/inst/extdata/gene_expression/TCGA_ESCA_2016_01_28_Gene_Expression.rds"
"GBM","TCGA_GBM_2016_01_28_GISTIC_MUT_SIG","/srv/shiny-server/inst/extdata/feature_set/TCGA_GBM_2016_01_28_GISTIC_MUT_SIG.rds",NA,NA,"TCGA_GBM_2016_01_28_Gene_Expression","/srv/shiny-server/inst/extdata/gene_expression/TCGA_GBM_2016_01_28_Gene_Expression.rds"
"GBMLGG","TCGA_GBMLGG_2016_01_28_GISTIC_MUT_SIG","/srv/shiny-server/inst/extdata/feature_set/TCGA_GBMLGG_2016_01_28_GISTIC_MUT_SIG.rds",NA,NA,"TCGA_GBMLGG_2016_01_28_Gene_Expression","/srv/shiny-server/inst/extdata/gene_expression/TCGA_GBMLGG_2016_01_28_Gene_Expression.rds"
"HNSC","TCGA_HNSC_2016_01_28_GISTIC_MUT_SIG","/srv/shiny-server/inst/extdata/feature_set/TCGA_HNSC_2016_01_28_GISTIC_MUT_SIG.rds",NA,NA,"TCGA_HNSC_2016_01_28_Gene_Expression","/srv/shiny-server/inst/extdata/gene_expression/TCGA_HNSC_2016_01_28_Gene_Expression.rds"
"KICH","TCGA_KICH_2016_01_28_GISTIC_MUT_SIG","/srv/shiny-server/inst/extdata/feature_set/TCGA_KICH_2016_01_28_GISTIC_MUT_SIG.rds",NA,NA,"TCGA_KICH_2016_01_28_Gene_Expression","/srv/shiny-server/inst/extdata/gene_expression/TCGA_KICH_2016_01_28_Gene_Expression.rds"
"KIPAN","TCGA_KIPAN_2016_01_28_GISTIC_MUT_SIG","/srv/shiny-server/inst/extdata/feature_set/TCGA_KIPAN_2016_01_28_GISTIC_MUT_SIG.rds",NA,NA,"TCGA_KIPAN_2016_01_28_Gene_Expression","/srv/shiny-server/inst/extdata/gene_expression/TCGA_KIPAN_2016_01_28_Gene_Expression.rds"
"KIRC","TCGA_KIRC_2016_01_28_GISTIC_MUT_SIG","/srv/shiny-server/inst/extdata/feature_set/TCGA_KIRC_2016_01_28_GISTIC_MUT_SIG.rds",NA,NA,"TCGA_KIRC_2016_01_28_Gene_Expression","/srv/shiny-server/inst/extdata/gene_expression/TCGA_KIRC_2016_01_28_Gene_Expression.rds"
"KIRP","TCGA_KIRP_2016_01_28_GISTIC_MUT_SIG","/srv/shiny-server/inst/extdata/feature_set/TCGA_KIRP_2016_01_28_GISTIC_MUT_SIG.rds",NA,NA,"TCGA_KIRP_2016_01_28_Gene_Expression","/srv/shiny-server/inst/extdata/gene_expression/TCGA_KIRP_2016_01_28_Gene_Expression.rds"
"LGG","TCGA_LGG_2016_01_28_GISTIC_MUT_SIG","/srv/shiny-server/inst/extdata/feature_set/TCGA_LGG_2016_01_28_GISTIC_MUT_SIG.rds",NA,NA,"TCGA_LGG_2016_01_28_Gene_Expression","/srv/shiny-server/inst/extdata/gene_expression/TCGA_LGG_2016_01_28_Gene_Expression.rds"
"LIHC","TCGA_LIHC_2016_01_28_GISTIC_MUT_SIG","/srv/shiny-server/inst/extdata/feature_set/TCGA_LIHC_2016_01_28_GISTIC_MUT_SIG.rds",NA,NA,"TCGA_LIHC_2016_01_28_Gene_Expression","/srv/shiny-server/inst/extdata/gene_expression/TCGA_LIHC_2016_01_28_Gene_Expression.rds"
"LUAD","TCGA_LUAD_2016_01_28_GISTIC_MUT_SIG","/srv/shiny-server/inst/extdata/feature_set/TCGA_LUAD_2016_01_28_GISTIC_MUT_SIG.rds",NA,NA,"TCGA_LUAD_2016_01_28_Gene_Expression","/srv/shiny-server/inst/extdata/gene_expression/TCGA_LUAD_2016_01_28_Gene_Expression.rds"
"LUSC","TCGA_LUSC_2016_01_28_GISTIC_MUT_SIG","/srv/shiny-server/inst/extdata/feature_set/TCGA_LUSC_2016_01_28_GISTIC_MUT_SIG.rds",NA,NA,"TCGA_LUSC_2016_01_28_Gene_Expression","/srv/shiny-server/inst/extdata/gene_expression/TCGA_LUSC_2016_01_28_Gene_Expression.rds"
"OV","TCGA_OV_2016_01_28_GISTIC_MUT_SIG","/srv/shiny-server/inst/extdata/feature_set/TCGA_OV_2016_01_28_GISTIC_MUT_SIG.rds",NA,NA,"TCGA_OV_2016_01_28_Gene_Expression","/srv/shiny-server/inst/extdata/gene_expression/TCGA_OV_2016_01_28_Gene_Expression.rds"
"PAAD","TCGA_PAAD_2016_01_28_GISTIC_MUT_SIG","/srv/shiny-server/inst/extdata/feature_set/TCGA_PAAD_2016_01_28_GISTIC_MUT_SIG.rds",NA,NA,"TCGA_PAAD_2016_01_28_Gene_Expression","/srv/shiny-server/inst/extdata/gene_expression/TCGA_PAAD_2016_01_28_Gene_Expression.rds"
"PCPG","TCGA_PCPG_2016_01_28_GISTIC_MUT_SIG","/srv/shiny-server/inst/extdata/feature_set/TCGA_PCPG_2016_01_28_GISTIC_MUT_SIG.rds",NA,NA,"TCGA_PCPG_2016_01_28_Gene_Expression","/srv/shiny-server/inst/extdata/gene_expression/TCGA_PCPG_2016_01_28_Gene_Expression.rds"
"PRAD","TCGA_PRAD_2016_01_28_GISTIC_MUT_SIG","/srv/shiny-server/inst/extdata/feature_set/TCGA_PRAD_2016_01_28_GISTIC_MUT_SIG.rds",NA,NA,"TCGA_PRAD_2016_01_28_Gene_Expression","/srv/shiny-server/inst/extdata/gene_expression/TCGA_PRAD_2016_01_28_Gene_Expression.rds"
"READ","TCGA_READ_2016_01_28_GISTIC_MUT_SIG","/srv/shiny-server/inst/extdata/feature_set/TCGA_READ_2016_01_28_GISTIC_MUT_SIG.rds",NA,NA,"TCGA_READ_2016_01_28_Gene_Expression","/srv/shiny-server/inst/extdata/gene_expression/TCGA_READ_2016_01_28_Gene_Expression.rds"
"SARC","TCGA_SARC_2016_01_28_GISTIC_MUT_SIG","/srv/shiny-server/inst/extdata/feature_set/TCGA_SARC_2016_01_28_GISTIC_MUT_SIG.rds",NA,NA,"TCGA_SARC_2016_01_28_Gene_Expression","/srv/shiny-server/inst/extdata/gene_expression/TCGA_SARC_2016_01_28_Gene_Expression.rds"
"STAD","TCGA_STAD_2016_01_28_GISTIC_MUT_SIG","/srv/shiny-server/inst/extdata/feature_set/TCGA_STAD_2016_01_28_GISTIC_MUT_SIG.rds",NA,NA,"TCGA_STAD_2016_01_28_Gene_Expression","/srv/shiny-server/inst/extdata/gene_expression/TCGA_STAD_2016_01_28_Gene_Expression.rds"
"STES","TCGA_STES_2016_01_28_GISTIC_MUT_SIG","/srv/shiny-server/inst/extdata/feature_set/TCGA_STES_2016_01_28_GISTIC_MUT_SIG.rds",NA,NA,"TCGA_STES_2016_01_28_Gene_Expression","/srv/shiny-server/inst/extdata/gene_expression/TCGA_STES_2016_01_28_Gene_Expression.rds"
"TGCT","TCGA_TGCT_2016_01_28_GISTIC_MUT_SIG","/srv/shiny-server/inst/extdata/feature_set/TCGA_TGCT_2016_01_28_GISTIC_MUT_SIG.rds",NA,NA,"TCGA_TGCT_2016_01_28_Gene_Expression","/srv/shiny-server/inst/extdata/gene_expression/TCGA_TGCT_2016_01_28_Gene_Expression.rds"
"THCA","TCGA_THCA_2016_01_28_GISTIC_MUT_SIG","/srv/shiny-server/inst/extdata/feature_set/TCGA_THCA_2016_01_28_GISTIC_MUT_SIG.rds",NA,NA,"TCGA_THCA_2016_01_28_Gene_Expression","/srv/shiny-server/inst/extdata/gene_expression/TCGA_THCA_2016_01_28_Gene_Expression.rds"
"THYM","TCGA_THYM_2016_01_28_GISTIC_MUT_SIG","/srv/shiny-server/inst/extdata/feature_set/TCGA_THYM_2016_01_28_GISTIC_MUT_SIG.rds",NA,NA,"TCGA_THYM_2016_01_28_Gene_Expression","/srv/shiny-server/inst/extdata/gene_expression/TCGA_THYM_2016_01_28_Gene_Expression.rds"
"UCEC","TCGA_UCEC_2016_01_28_GISTIC_MUT_SIG","/srv/shiny-server/inst/extdata/feature_set/TCGA_UCEC_2016_01_28_GISTIC_MUT_SIG.rds",NA,NA,"TCGA_UCEC_2016_01_28_Gene_Expression","/srv/shiny-server/inst/extdata/gene_expression/TCGA_UCEC_2016_01_28_Gene_Expression.rds"
"UCS","TCGA_UCS_2016_01_28_GISTIC_MUT_SIG","/srv/shiny-server/inst/extdata/feature_set/TCGA_UCS_2016_01_28_GISTIC_MUT_SIG.rds",NA,NA,"TCGA_UCS_2016_01_28_Gene_Expression","/srv/shiny-server/inst/extdata/gene_expression/TCGA_UCS_2016_01_28_Gene_Expression.rds"
"UVM","TCGA_UVM_2016_01_28_GISTIC_MUT_SIG","/srv/shiny-server/inst/extdata/feature_set/TCGA_UVM_2016_01_28_GISTIC_MUT_SIG.rds",NA,NA,"TCGA_UVM_2016_01_28_Gene_Expression","/srv/shiny-server/inst/extdata/gene_expression/TCGA_UVM_2016_01_28_Gene_Expression.rds"
NA,"TCGA_ACC_2016_01_28_GISTIC_MUT_SIG","/srv/shiny-server/inst/extdata/feature_set/TCGA_ACC_2016_01_28_GISTIC_MUT_SIG.rds","HALLMARK_TNFA_SIGNALING_VIA_NFKB","/srv/shiny-server/inst/extdata/input_score/TCGA_ACC_2016_01_28_GISTIC_MUT_SIG/HALLMARK_TNFA_SIGNALING_VIA_NFKB.rds","TCGA_ACC_2016_01_28_Gene_Expression","/srv/shiny-server/inst/extdata/gene_expression/TCGA_ACC_2016_01_28_Gene_Expression.rds"
NA,"TCGA_ACC_2016_01_28_GISTIC_MUT_SIG","/srv/shiny-server/inst/extdata/feature_set/TCGA_ACC_2016_01_28_GISTIC_MUT_SIG.rds","HALLMARK_HYPOXIA","/srv/shiny-server/inst/extdata/input_score/TCGA_ACC_2016_01_28_GISTIC_MUT_SIG/HALLMARK_HYPOXIA.rds","TCGA_ACC_2016_01_28_Gene_Expression","/srv/shiny-server/inst/extdata/gene_expression/TCGA_ACC_2016_01_28_Gene_Expression.rds"
NA,"TCGA_ACC_2016_01_28_GISTIC_MUT_SIG","/srv/shiny-server/inst/extdata/feature_set/TCGA_ACC_2016_01_28_GISTIC_MUT_SIG.rds","HALLMARK_CHOLESTEROL_HOMEOSTASIS","/srv/shiny-server/inst/extdata/input_score/TCGA_ACC_2016_01_28_GISTIC_MUT_SIG/HALLMARK_CHOLESTEROL_HOMEOSTASIS.rds","TCGA_ACC_2016_01_28_Gene_Expression","/srv/shiny-server/inst/extdata/gene_expression/TCGA_ACC_2016_01_28_Gene_Expression.rds"
NA,"TCGA_ACC_2016_01_28_GISTIC_MUT_SIG","/srv/shiny-server/inst/extdata/feature_set/TCGA_ACC_2016_01_28_GISTIC_MUT_SIG.rds","HALLMARK_MITOTIC_SPINDLE","/srv/shiny-server/inst/extdata/input_score/TCGA_ACC_2016_01_28_GISTIC_MUT_SIG/HALLMARK_MITOTIC_SPINDLE.rds","TCGA_ACC_2016_01_28_Gene_Expression","/srv/shiny-server/inst/extdata/gene_expression/TCGA_ACC_2016_01_28_Gene_Expression.rds"
NA,"TCGA_ACC_2016_01_28_GISTIC_MUT_SIG","/srv/shiny-server/inst/extdata/feature_set/TCGA_ACC_2016_01_28_GISTIC_MUT_SIG.rds","HALLMARK_WNT_BETA_CATENIN_SIGNALING","/srv/shiny-server/inst/extdata/input_score/TCGA_ACC_2016_01_28_GISTIC_MUT_SIG/HALLMARK_WNT_BETA_CATENIN_SIGNALING.rds","TCGA_ACC_2016_01_28_Gene_Expression","/srv/shiny-server/inst/extdata/gene_expression/TCGA_ACC_2016_01_28_Gene_Expression.rds"
NA,"TCGA_ACC_2016_01_28_GISTIC_MUT_SIG","/srv/shiny-server/inst/extdata/feature_set/TCGA_ACC_2016_01_28_GISTIC_MUT_SIG.rds","HALLMARK_TGF_BETA_SIGNALING","/srv/shiny-server/inst/extdata/input_score/TCGA_ACC_2016_01_28_GISTIC_MUT_SIG/HALLMARK_TGF_BETA_SIGNALING.rds","TCGA_ACC_2016_01_28_Gene_Expression","/srv/shiny-server/inst/extdata/gene_expression/TCGA_ACC_2016_01_28_Gene_Expression.rds"
NA,"TCGA_ACC_2016_01_28_GISTIC_MUT_SIG","/srv/shiny-server/inst/extdata/feature_set/TCGA_ACC_2016_01_28_GISTIC_MUT_SIG.rds","HALLMARK_IL6_JAK_STAT3_SIGNALING","/srv/shiny-server/inst/extdata/input_score/TCGA_ACC_2016_01_28_GISTIC_MUT_SIG/HALLMARK_IL6_JAK_STAT3_SIGNALING.rds","TCGA_ACC_2016_01_28_Gene_Expression","/srv/shiny-server/inst/extdata/gene_expression/TCGA_ACC_2016_01_28_Gene_Expression.rds"
NA,"TCGA_ACC_2016_01_28_GISTIC_MUT_SIG","/srv/shiny-server/inst/extdata/feature_set/TCGA_ACC_2016_01_28_GISTIC_MUT_SIG.rds","HALLMARK_DNA_REPAIR","/srv/shiny-server/inst/extdata/input_score/TCGA_ACC_2016_01_28_GISTIC_MUT_SIG/HALLMARK_DNA_REPAIR.rds","TCGA_ACC_2016_01_28_Gene_Expression","/srv/shiny-server/inst/extdata/gene_expression/TCGA_ACC_2016_01_28_Gene_Expression.rds"
NA,"TCGA_ACC_2016_01_28_GISTIC_MUT_SIG","/srv/shiny-server/inst/extdata/feature_set/TCGA_ACC_2016_01_28_GISTIC_MUT_SIG.rds","HALLMARK_G2M_CHECKPOINT","/srv/shiny-server/inst/extdata/input_score/TCGA_ACC_2016_01_28_GISTIC_MUT_SIG/HALLMARK_G2M_CHECKPOINT.rds","TCGA_ACC_2016_01_28_Gene_Expression","/srv/shiny-server/inst/extdata/gene_expression/TCGA_ACC_2016_01_28_Gene_Expression.rds"
NA,"TCGA_ACC_2016_01_28_GISTIC_MUT_SIG","/srv/shiny-server/inst/extdata/feature_set/TCGA_ACC_2016_01_28_GISTIC_MUT_SIG.rds","HALLMARK_APOPTOSIS","/srv/shiny-server/inst/extdata/input_score/TCGA_ACC_2016_01_28_GISTIC_MUT_SIG/HALLMARK_APOPTOSIS.rds","TCGA_ACC_2016_01_28_Gene_Expression","/srv/shiny-server/inst/extdata/gene_expression/TCGA_ACC_2016_01_28_Gene_Expression.rds"
NA,"TCGA_ACC_2016_01_28_GISTIC_MUT_SIG","/srv/shiny-server/inst/extdata/feature_set/TCGA_ACC_2016_01_28_GISTIC_MUT_SIG.rds","HALLMARK_NOTCH_SIGNALING","/srv/shiny-server/inst/extdata/input_score/TCGA_ACC_2016_01_28_GISTIC_MUT_SIG/HALLMARK_NOTCH_SIGNALING.rds","TCGA_ACC_2016_01_28_Gene_Expression","/srv/shiny-server/inst/extdata/gene_expression/TCGA_ACC_2016_01_28_Gene_Expression.rds"
NA,"TCGA_ACC_2016_01_28_GISTIC_MUT_SIG","/srv/shiny-server/inst/extdata/feature_set/TCGA_ACC_2016_01_28_GISTIC_MUT_SIG.rds","HALLMARK_ADIPOGENESIS","/srv/shiny-server/inst/extdata/input_score/TCGA_ACC_2016_01_28_GISTIC_MUT_SIG/HALLMARK_ADIPOGENESIS.rds","TCGA_ACC_2016_01_28_Gene_Expression","/srv/shiny-server/inst/extdata/gene_expression/TCGA_ACC_2016_01_28_Gene_Expression.rds"
NA,"TCGA_ACC_2016_01_28_GISTIC_MUT_SIG","/srv/shiny-server/inst/extdata/feature_set/TCGA_ACC_2016_01_28_GISTIC_MUT_SIG.rds","HALLMARK_ESTROGEN_RESPONSE_EARLY","/srv/shiny-server/inst/extdata/input_score/TCGA_ACC_2016_01_28_GISTIC_MUT_SIG/HALLMARK_ESTROGEN_RESPONSE_EARLY.rds","TCGA_ACC_2016_01_28_Gene_Expression","/srv/shiny-server/inst/extdata/gene_expression/TCGA_ACC_2016_01_28_Gene_Expression.rds"
NA,"TCGA_ACC_2016_01_28_GISTIC_MUT_SIG","/srv/shiny-server/inst/extdata/feature_set/TCGA_ACC_2016_01_28_GISTIC_MUT_SIG.rds","HALLMARK_ESTROGEN_RESPONSE_LATE","/srv/shiny-server/inst/extdata/input_score/TCGA_ACC_2016_01_28_GISTIC_MUT_SIG/HALLMARK_ESTROGEN_RESPONSE_LATE.rds","TCGA_ACC_2016_01_28_Gene_Expression","/srv/shiny-server/inst/extdata/gene_expression/TCGA_ACC_2016_01_28_Gene_Expression.rds"
NA,"TCGA_ACC_2016_01_28_GISTIC_MUT_SIG","/srv/shiny-server/inst/extdata/feature_set/TCGA_ACC_2016_01_28_GISTIC_MUT_SIG.rds","HALLMARK_ANDROGEN_RESPONSE","/srv/shiny-server/inst/extdata/input_score/TCGA_ACC_2016_01_28_GISTIC_MUT_SIG/HALLMARK_ANDROGEN_RESPONSE.rds","TCGA_ACC_2016_01_28_Gene_Expression","/srv/shiny-server/inst/extdata/gene_expression/TCGA_ACC_2016_01_28_Gene_Expression.rds"
NA,"TCGA_ACC_2016_01_28_GISTIC_MUT_SIG","/srv/shiny-server/inst/extdata/feature_set/TCGA_ACC_2016_01_28_GISTIC_MUT_SIG.rds","HALLMARK_MYOGENESIS","/srv/shiny-server/inst/extdata/input_score/TCGA_ACC_2016_01_28_GISTIC_MUT_SIG/HALLMARK_MYOGENESIS.rds","TCGA_ACC_2016_01_28_Gene_Expression","/srv/shiny-server/inst/extdata/gene_expression/TCGA_ACC_2016_01_28_Gene_Expression.rds"
NA,"TCGA_ACC_2016_01_28_GISTIC_MUT_SIG","/srv/shiny-server/inst/extdata/feature_set/TCGA_ACC_2016_01_28_GISTIC_MUT_SIG.rds","HALLMARK_PROTEIN_SECRETION","/srv/shiny-server/inst/extdata/input_score/TCGA_ACC_2016_01_28_GISTIC_MUT_SIG/HALLMARK_PROTEIN_SECRETION.rds","TCGA_ACC_2016_01_28_Gene_Expression","/srv/shiny-server/inst/extdata/gene_expression/TCGA_ACC_2016_01_28_Gene_Expression.rds"
NA,"TCGA_ACC_2016_01_28_GISTIC_MUT_SIG","/srv/shiny-server/inst/extdata/feature_set/TCGA_ACC_2016_01_28_GISTIC_MUT_SIG.rds","HALLMARK_INTERFERON_ALPHA_RESPONSE","/srv/shiny-server/inst/extdata/input_score/TCGA_ACC_2016_01_28_GISTIC_MUT_SIG/HALLMARK_INTERFERON_ALPHA_RESPONSE.rds","TCGA_ACC_2016_01_28_Gene_Expression","/srv/shiny-server/inst/extdata/gene_expression/TCGA_ACC_2016_01_28_Gene_Expression.rds"
NA,"TCGA_ACC_2016_01_28_GISTIC_MUT_SIG","/srv/shiny-server/inst/extdata/feature_set/TCGA_ACC_2016_01_28_GISTIC_MUT_SIG.rds","HALLMARK_INTERFERON_GAMMA_RESPONSE","/srv/shiny-server/inst/extdata/input_score/TCGA_ACC_2016_01_28_GISTIC_MUT_SIG/HALLMARK_INTERFERON_GAMMA_RESPONSE.rds","TCGA_ACC_2016_01_28_Gene_Expression","/srv/shiny-server/inst/extdata/gene_expression/TCGA_ACC_2016_01_28_Gene_Expression.rds"
NA,"TCGA_ACC_2016_01_28_GISTIC_MUT_SIG","/srv/shiny-server/inst/extdata/feature_set/TCGA_ACC_2016_01_28_GISTIC_MUT_SIG.rds","HALLMARK_APICAL_JUNCTION","/srv/shiny-server/inst/extdata/input_score/TCGA_ACC_2016_01_28_GISTIC_MUT_SIG/HALLMARK_APICAL_JUNCTION.rds","TCGA_ACC_2016_01_28_Gene_Expression","/srv/shiny-server/inst/extdata/gene_expression/TCGA_ACC_2016_01_28_Gene_Expression.rds"
NA,"TCGA_ACC_2016_01_28_GISTIC_MUT_SIG","/srv/shiny-server/inst/extdata/feature_set/TCGA_ACC_2016_01_28_GISTIC_MUT_SIG.rds","HALLMARK_APICAL_SURFACE","/srv/shiny-server/inst/extdata/input_score/TCGA_ACC_2016_01_28_GISTIC_MUT_SIG/HALLMARK_APICAL_SURFACE.rds","TCGA_ACC_2016_01_28_Gene_Expression","/srv/shiny-server/inst/extdata/gene_expression/TCGA_ACC_2016_01_28_Gene_Expression.rds"
NA,"TCGA_ACC_2016_01_28_GISTIC_MUT_SIG","/srv/shiny-server/inst/extdata/feature_set/TCGA_ACC_2016_01_28_GISTIC_MUT_SIG.rds","HALLMARK_HEDGEHOG_SIGNALING","/srv/shiny-server/inst/extdata/input_score/TCGA_ACC_2016_01_28_GISTIC_MUT_SIG/HALLMARK_HEDGEHOG_SIGNALING.rds","TCGA_ACC_2016_01_28_Gene_Expression","/srv/shiny-server/inst/extdata/gene_expression/TCGA_ACC_2016_01_28_Gene_Expression.rds"
NA,"TCGA_ACC_2016_01_28_GISTIC_MUT_SIG","/srv/shiny-server/inst/extdata/feature_set/TCGA_ACC_2016_01_28_GISTIC_MUT_SIG.rds","HALLMARK_COMPLEMENT","/srv/shiny-server/inst/extdata/input_score/TCGA_ACC_2016_01_28_GISTIC_MUT_SIG/HALLMARK_COMPLEMENT.rds","TCGA_ACC_2016_01_28_Gene_Expression","/srv/shiny-server/inst/extdata/gene_expression/TCGA_ACC_2016_01_28_Gene_Expression.rds"
NA,"TCGA_ACC_2016_01_28_GISTIC_MUT_SIG","/srv/shiny-server/inst/extdata/feature_set/TCGA_ACC_2016_01_28_GISTIC_MUT_SIG.rds","HALLMARK_UNFOLDED_PROTEIN_RESPONSE","/srv/shiny-server/inst/extdata/input_score/TCGA_ACC_2016_01_28_GISTIC_MUT_SIG/HALLMARK_UNFOLDED_PROTEIN_RESPONSE.rds","TCGA_ACC_2016_01_28_Gene_Expression","/srv/shiny-server/inst/extdata/gene_expression/TCGA_ACC_2016_01_28_Gene_Expression.rds"
NA,"TCGA_ACC_2016_01_28_GISTIC_MUT_SIG","/srv/shiny-server/inst/extdata/feature_set/TCGA_ACC_2016_01_28_GISTIC_MUT_SIG.rds","HALLMARK_PI3K_AKT_MTOR_SIGNALING","/srv/shiny-server/inst/extdata/input_score/TCGA_ACC_2016_01_28_GISTIC_MUT_SIG/HALLMARK_PI3K_AKT_MTOR_SIGNALING.rds","TCGA_ACC_2016_01_28_Gene_Expression","/srv/shiny-server/inst/extdata/gene_expression/TCGA_ACC_2016_01_28_Gene_Expression.rds"
NA,"TCGA_ACC_2016_01_28_GISTIC_MUT_SIG","/srv/shiny-server/inst/extdata/feature_set/TCGA_ACC_2016_01_28_GISTIC_MUT_SIG.rds","HALLMARK_MTORC1_SIGNALING","/srv/shiny-server/inst/extdata/input_score/TCGA_ACC_2016_01_28_GISTIC_MUT_SIG/HALLMARK_MTORC1_SIGNALING.rds","TCGA_ACC_2016_01_28_Gene_Expression","/srv/shiny-server/inst/extdata/gene_expression/TCGA_ACC_2016_01_28_Gene_Expression.rds"
NA,"TCGA_ACC_2016_01_28_GISTIC_MUT_SIG","/srv/shiny-server/inst/extdata/feature_set/TCGA_ACC_2016_01_28_GISTIC_MUT_SIG.rds","HALLMARK_E2F_TARGETS","/srv/shiny-server/inst/extdata/input_score/TCGA_ACC_2016_01_28_GISTIC_MUT_SIG/HALLMARK_E2F_TARGETS.rds","TCGA_ACC_2016_01_28_Gene_Expression","/srv/shiny-server/inst/extdata/gene_expression/TCGA_ACC_2016_01_28_Gene_Expression.rds"
NA,"TCGA_ACC_2016_01_28_GISTIC_MUT_SIG","/srv/shiny-server/inst/extdata/feature_set/TCGA_ACC_2016_01_28_GISTIC_MUT_SIG.rds","HALLMARK_MYC_TARGETS_V1","/srv/shiny-server/inst/extdata/input_score/TCGA_ACC_2016_01_28_GISTIC_MUT_SIG/HALLMARK_MYC_TARGETS_V1.rds","TCGA_ACC_2016_01_28_Gene_Expression","/srv/shiny-server/inst/extdata/gene_expression/TCGA_ACC_2016_01_28_Gene_Expression.rds"
NA,"TCGA_ACC_2016_01_28_GISTIC_MUT_SIG","/srv/shiny-server/inst/extdata/feature_set/TCGA_ACC_2016_01_28_GISTIC_MUT_SIG.rds","HALLMARK_MYC_TARGETS_V2","/srv/shiny-server/inst/extdata/input_score/TCGA_ACC_2016_01_28_GISTIC_MUT_SIG/HALLMARK_MYC_TARGETS_V2.rds","TCGA_ACC_2016_01_28_Gene_Expression","/srv/shiny-server/inst/extdata/gene_expression/TCGA_ACC_2016_01_28_Gene_Expression.rds"
NA,"TCGA_ACC_2016_01_28_GISTIC_MUT_SIG","/srv/shiny-server/inst/extdata/feature_set/TCGA_ACC_2016_01_28_GISTIC_MUT_SIG.rds","HALLMARK_EPITHELIAL_MESENCHYMAL_TRANSITION","/srv/shiny-server/inst/extdata/input_score/TCGA_ACC_2016_01_28_GISTIC_MUT_SIG/HALLMARK_EPITHELIAL_MESENCHYMAL_TRANSITION.rds","TCGA_ACC_2016_01_28_Gene_Expression","/srv/shiny-server/inst/extdata/gene_expression/TCGA_ACC_2016_01_28_Gene_Expression.rds"
NA,"TCGA_ACC_2016_01_28_GISTIC_MUT_SIG","/srv/shiny-server/inst/extdata/feature_set/TCGA_ACC_2016_01_28_GISTIC_MUT_SIG.rds","HALLMARK_INFLAMMATORY_RESPONSE","/srv/shiny-server/inst/extdata/input_score/TCGA_ACC_2016_01_28_GISTIC_MUT_SIG/HALLMARK_INFLAMMATORY_RESPONSE.rds","TCGA_ACC_2016_01_28_Gene_Expression","/srv/shiny-server/inst/extdata/gene_expression/TCGA_ACC_2016_01_28_Gene_Expression.rds"
NA,"TCGA_ACC_2016_01_28_GISTIC_MUT_SIG","/srv/shiny-server/inst/extdata/feature_set/TCGA_ACC_2016_01_28_GISTIC_MUT_SIG.rds","HALLMARK_XENOBIOTIC_METABOLISM","/srv/shiny-server/inst/extdata/input_score/TCGA_ACC_2016_01_28_GISTIC_MUT_SIG/HALLMARK_XENOBIOTIC_METABOLISM.rds","TCGA_ACC_2016_01_28_Gene_Expression","/srv/shiny-server/inst/extdata/gene_expression/TCGA_ACC_2016_01_28_Gene_Expression.rds"
NA,"TCGA_ACC_2016_01_28_GISTIC_MUT_SIG","/srv/shiny-server/inst/extdata/feature_set/TCGA_ACC_2016_01_28_GISTIC_MUT_SIG.rds","HALLMARK_FATTY_ACID_METABOLISM","/srv/shiny-server/inst/extdata/input_score/TCGA_ACC_2016_01_28_GISTIC_MUT_SIG/HALLMARK_FATTY_ACID_METABOLISM.rds","TCGA_ACC_2016_01_28_Gene_Expression","/srv/shiny-server/inst/extdata/gene_expression/TCGA_ACC_2016_01_28_Gene_Expression.rds"
NA,"TCGA_ACC_2016_01_28_GISTIC_MUT_SIG","/srv/shiny-server/inst/extdata/feature_set/TCGA_ACC_2016_01_28_GISTIC_MUT_SIG.rds","HALLMARK_OXIDATIVE_PHOSPHORYLATION","/srv/shiny-server/inst/extdata/input_score/TCGA_ACC_2016_01_28_GISTIC_MUT_SIG/HALLMARK_OXIDATIVE_PHOSPHORYLATION.rds","TCGA_ACC_2016_01_28_Gene_Expression","/srv/shiny-server/inst/extdata/gene_expression/TCGA_ACC_2016_01_28_Gene_Expression.rds"
NA,"TCGA_ACC_2016_01_28_GISTIC_MUT_SIG","/srv/shiny-server/inst/extdata/feature_set/TCGA_ACC_2016_01_28_GISTIC_MUT_SIG.rds","HALLMARK_GLYCOLYSIS","/srv/shiny-server/inst/extdata/input_score/TCGA_ACC_2016_01_28_GISTIC_MUT_SIG/HALLMARK_GLYCOLYSIS.rds","TCGA_ACC_2016_01_28_Gene_Expression","/srv/shiny-server/inst/extdata/gene_expression/TCGA_ACC_2016_01_28_Gene_Expression.rds"
NA,"TCGA_ACC_2016_01_28_GISTIC_MUT_SIG","/srv/shiny-server/inst/extdata/feature_set/TCGA_ACC_2016_01_28_GISTIC_MUT_SIG.rds","HALLMARK_REACTIVE_OXYGEN_SPECIES_PATHWAY","/srv/shiny-server/inst/extdata/input_score/TCGA_ACC_2016_01_28_GISTIC_MUT_SIG/HALLMARK_REACTIVE_OXYGEN_SPECIES_PATHWAY.rds","TCGA_ACC_2016_01_28_Gene_Expression","/srv/shiny-server/inst/extdata/gene_expression/TCGA_ACC_2016_01_28_Gene_Expression.rds"
NA,"TCGA_ACC_2016_01_28_GISTIC_MUT_SIG","/srv/shiny-server/inst/extdata/feature_set/TCGA_ACC_2016_01_28_GISTIC_MUT_SIG.rds","HALLMARK_P53_PATHWAY","/srv/shiny-server/inst/extdata/input_score/TCGA_ACC_2016_01_28_GISTIC_MUT_SIG/HALLMARK_P53_PATHWAY.rds","TCGA_ACC_2016_01_28_Gene_Expression","/srv/shiny-server/inst/extdata/gene_expression/TCGA_ACC_2016_01_28_Gene_Expression.rds"
NA,"TCGA_ACC_2016_01_28_GISTIC_MUT_SIG","/srv/shiny-server/inst/extdata/feature_set/TCGA_ACC_2016_01_28_GISTIC_MUT_SIG.rds","HALLMARK_UV_RESPONSE_UP","/srv/shiny-server/inst/extdata/input_score/TCGA_ACC_2016_01_28_GISTIC_MUT_SIG/HALLMARK_UV_RESPONSE_UP.rds","TCGA_ACC_2016_01_28_Gene_Expression","/srv/shiny-server/inst/extdata/gene_expression/TCGA_ACC_2016_01_28_Gene_Expression.rds"
NA,"TCGA_ACC_2016_01_28_GISTIC_MUT_SIG","/srv/shiny-server/inst/extdata/feature_set/TCGA_ACC_2016_01_28_GISTIC_MUT_SIG.rds","HALLMARK_UV_RESPONSE_DN","/srv/shiny-server/inst/extdata/input_score/TCGA_ACC_2016_01_28_GISTIC_MUT_SIG/HALLMARK_UV_RESPONSE_DN.rds","TCGA_ACC_2016_01_28_Gene_Expression","/srv/shiny-server/inst/extdata/gene_expression/TCGA_ACC_2016_01_28_Gene_Expression.rds"
NA,"TCGA_ACC_2016_01_28_GISTIC_MUT_SIG","/srv/shiny-server/inst/extdata/feature_set/TCGA_ACC_2016_01_28_GISTIC_MUT_SIG.rds","HALLMARK_ANGIOGENESIS","/srv/shiny-server/inst/extdata/input_score/TCGA_ACC_2016_01_28_GISTIC_MUT_SIG/HALLMARK_ANGIOGENESIS.rds","TCGA_ACC_2016_01_28_Gene_Expression","/srv/shiny-server/inst/extdata/gene_expression/TCGA_ACC_2016_01_28_Gene_Expression.rds"
NA,"TCGA_ACC_2016_01_28_GISTIC_MUT_SIG","/srv/shiny-server/inst/extdata/feature_set/TCGA_ACC_2016_01_28_GISTIC_MUT_SIG.rds","HALLMARK_HEME_METABOLISM","/srv/shiny-server/inst/extdata/input_score/TCGA_ACC_2016_01_28_GISTIC_MUT_SIG/HALLMARK_HEME_METABOLISM.rds","TCGA_ACC_2016_01_28_Gene_Expression","/srv/shiny-server/inst/extdata/gene_expression/TCGA_ACC_2016_01_28_Gene_Expression.rds"
NA,"TCGA_ACC_2016_01_28_GISTIC_MUT_SIG","/srv/shiny-server/inst/extdata/feature_set/TCGA_ACC_2016_01_28_GISTIC_MUT_SIG.rds","HALLMARK_COAGULATION","/srv/shiny-server/inst/extdata/input_score/TCGA_ACC_2016_01_28_GISTIC_MUT_SIG/HALLMARK_COAGULATION.rds","TCGA_ACC_2016_01_28_Gene_Expression","/srv/shiny-server/inst/extdata/gene_expression/TCGA_ACC_2016_01_28_Gene_Expression.rds"
NA,"TCGA_ACC_2016_01_28_GISTIC_MUT_SIG","/srv/shiny-server/inst/extdata/feature_set/TCGA_ACC_2016_01_28_GISTIC_MUT_SIG.rds","HALLMARK_IL2_STAT5_SIGNALING","/srv/shiny-server/inst/extdata/input_score/TCGA_ACC_2016_01_28_GISTIC_MUT_SIG/HALLMARK_IL2_STAT5_SIGNALING.rds","TCGA_ACC_2016_01_28_Gene_Expression","/srv/shiny-server/inst/extdata/gene_expression/TCGA_ACC_2016_01_28_Gene_Expression.rds"
NA,"TCGA_ACC_2016_01_28_GISTIC_MUT_SIG","/srv/shiny-server/inst/extdata/feature_set/TCGA_ACC_2016_01_28_GISTIC_MUT_SIG.rds","HALLMARK_BILE_ACID_METABOLISM","/srv/shiny-server/inst/extdata/input_score/TCGA_ACC_2016_01_28_GISTIC_MUT_SIG/HALLMARK_BILE_ACID_METABOLISM.rds","TCGA_ACC_2016_01_28_Gene_Expression","/srv/shiny-server/inst/extdata/gene_expression/TCGA_ACC_2016_01_28_Gene_Expression.rds"
NA,"TCGA_ACC_2016_01_28_GISTIC_MUT_SIG","/srv/shiny-server/inst/extdata/feature_set/TCGA_ACC_2016_01_28_GISTIC_MUT_SIG.rds","HALLMARK_PEROXISOME","/srv/shiny-server/inst/extdata/input_score/TCGA_ACC_2016_01_28_GISTIC_MUT_SIG/HALLMARK_PEROXISOME.rds","TCGA_ACC_2016_01_28_Gene_Expression","/srv/shiny-server/inst/extdata/gene_expression/TCGA_ACC_2016_01_28_Gene_Expression.rds"
NA,"TCGA_ACC_2016_01_28_GISTIC_MUT_SIG","/srv/shiny-server/inst/extdata/feature_set/TCGA_ACC_2016_01_28_GISTIC_MUT_SIG.rds","HALLMARK_ALLOGRAFT_REJECTION","/srv/shiny-server/inst/extdata/input_score/TCGA_ACC_2016_01_28_GISTIC_MUT_SIG/HALLMARK_ALLOGRAFT_REJECTION.rds","TCGA_ACC_2016_01_28_Gene_Expression","/srv/shiny-server/inst/extdata/gene_expression/TCGA_ACC_2016_01_28_Gene_Expression.rds"
NA,"TCGA_ACC_2016_01_28_GISTIC_MUT_SIG","/srv/shiny-server/inst/extdata/feature_set/TCGA_ACC_2016_01_28_GISTIC_MUT_SIG.rds","HALLMARK_SPERMATOGENESIS","/srv/shiny-server/inst/extdata/input_score/TCGA_ACC_2016_01_28_GISTIC_MUT_SIG/HALLMARK_SPERMATOGENESIS.rds","TCGA_ACC_2016_01_28_Gene_Expression","/srv/shiny-server/inst/extdata/gene_expression/TCGA_ACC_2016_01_28_Gene_Expression.rds"
NA,"TCGA_ACC_2016_01_28_GISTIC_MUT_SIG","/srv/shiny-server/inst/extdata/feature_set/TCGA_ACC_2016_01_28_GISTIC_MUT_SIG.rds","HALLMARK_KRAS_SIGNALING_UP","/srv/shiny-server/inst/extdata/input_score/TCGA_ACC_2016_01_28_GISTIC_MUT_SIG/HALLMARK_KRAS_SIGNALING_UP.rds","TCGA_ACC_2016_01_28_Gene_Expression","/srv/shiny-server/inst/extdata/gene_expression/TCGA_ACC_2016_01_28_Gene_Expression.rds"
NA,"TCGA_ACC_2016_01_28_GISTIC_MUT_SIG","/srv/shiny-server/inst/extdata/feature_set/TCGA_ACC_2016_01_28_GISTIC_MUT_SIG.rds","HALLMARK_KRAS_SIGNALING_DN","/srv/shiny-server/inst/extdata/input_score/TCGA_ACC_2016_01_28_GISTIC_MUT_SIG/HALLMARK_KRAS_SIGNALING_DN.rds","TCGA_ACC_2016_01_28_Gene_Expression","/srv/shiny-server/inst/extdata/gene_expression/TCGA_ACC_2016_01_28_Gene_Expression.rds"
NA,"TCGA_ACC_2016_01_28_GISTIC_MUT_SIG","/srv/shiny-server/inst/extdata/feature_set/TCGA_ACC_2016_01_28_GISTIC_MUT_SIG.rds","HALLMARK_PANCREAS_BETA_CELLS","/srv/shiny-server/inst/extdata/input_score/TCGA_ACC_2016_01_28_GISTIC_MUT_SIG/HALLMARK_PANCREAS_BETA_CELLS.rds","TCGA_ACC_2016_01_28_Gene_Expression","/srv/shiny-server/inst/extdata/gene_expression/TCGA_ACC_2016_01_28_Gene_Expression.rds"
